﻿“171201”, “Gaara”, “Công nghệ thông tin”, “2012”,“20/01/1994”, “171201.jpg”, “Dễ thương”, “Âm nhạc: Kpop, Vpop”, “Điện ảnh: Harry Potter”
“171202”, “Hashirama senju”, “Vật lý”, “2002”,“20/11/1980”, “171202.jpg”, “Yêu thương mọi người”
“171203”, “Hatake Kakashi”, “Công nghệ thông tin”, “2007”,“01/01/1990”, “171203.jpg”, “Thông minh”, “Đọc sách”
“171204”, “Jiraiya”, “Công nghệ thông tin”, “2010”,“25/11/1992”, “171204.jpg”, “Hài hước”, “Nghệ thuật: Viết sách”, “Du Lịch”
“171205”, “Namikaze Minato”, “Công nghệ thông tin”, “2005”,“29/01/1994”, “171205.jpg”, “Đẹp trai”, “Điện ảnh: Naruto truyền kỳ”
“171206”, “Sakura”, “Công nghệ thông tin”, “2012”,“15/07/1995”, “171206.jpg”, “Dễ thương”
“171207”, “Uchiha Itachi”, “Hóa Học”, “2012”,“18/06/1997”, “171207.jpg”, “Lạnh lùng”, “Âm nhạc: EDM”, “Nghiên cứu khoa học”
“171208”, “Uchiha Madara”, “vật lý”, “2012”,“20/09/1995”, “171208.jpg”, “Điềm tĩnh”
“171209”, “Uchiha sasuke”, “Điện tử viễn thông”, “2012”,“29/10/1994”, “171209.jpg”, “Dễ thương”, “Âm nhạc: Kpop”, “Điện ảnh: Your name”
“171210”, “Uzumaki Naruto”, “Công nghệ thông tin”, “2012”,“27/06/1995”, “171210.jpg”, “Kiền trì”, “Ẩm thực : Ramen”